episode,reward,avg_q,avg_target
0,-86.65782305823305,0.09690992534160614,-0.17059010453522205
1,-181.9382302636136,0.982958197593689,-1.1735520148016874
2,-132.6589445498963,1.7248320579528809,-1.3674166319722478
3,-276.32479392929076,1.3364105224609375,-1.4221295367730291
4,-108.90788698198801,2.47088623046875,-1.5784121495280556
5,-63.60566236197768,4.386233329772949,-0.2906784425712814
6,-357.1946200792179,3.1702001094818115,-0.24768228579274157
7,-95.34773299154834,2.570094108581543,-0.5388959522905021
8,-86.58891002200285,3.0200250148773193,-0.9240472579671852
9,-364.0336896838905,2.9403076171875,-0.8192655210231625
10,-185.42545454005798,4.494686126708984,-0.6906721996936468
11,-245.91680375256877,4.3343610763549805,-0.6102382397617806
12,-89.47806605067444,2.154956102371216,-0.8601576539914351
13,-248.5888627812418,2.5174074172973633,-0.822671367029349
14,-128.95371068670212,2.4152984619140625,-1.0141485422104597
15,-522.9020726367796,2.142549514770508,-0.9729006701381877
16,-261.4142946816789,0.7146178483963013,-1.5442748278952563
17,-120.36149424151934,1.0914533138275146,-1.1939227335593279
18,-172.53265561010863,2.230710506439209,-0.9278463593596576
19,-65.48921181786513,1.9692330360412598,-1.0312509435777353
20,-78.67431537742482,2.6812987327575684,0.27068793863961194
21,-68.69580142577348,2.5224361419677734,-0.41951070609502494
22,-87.14612472411294,2.5096662044525146,-0.14858493533857325
23,-103.48763431980811,2.5417160987854004,0.1969312584597217
24,-71.40349690884696,1.8253363370895386,0.4124645377908434
25,-142.23975732073012,2.9701428413391113,0.2754050814386072
26,-83.24611826253162,1.0966209173202515,0.6182137541879307
27,-58.777391785982175,1.5014866590499878,-0.20187156638188392
28,-85.58141559233918,2.5366427898406982,-0.16500091467584882
29,-60.18487109256007,1.5354434251785278,0.6235973615501378
30,-89.10387071393419,1.5626362562179565,0.4380437718970435
31,-118.23089420275163,1.1299382448196411,0.4893692250340438
32,-189.66856129972845,0.3212522864341736,0.6389965528791601
33,-133.64099835103048,0.7779799103736877,1.0036755491947305
34,-50.17780667531787,0.8664190769195557,0.8213460068386721
35,-103.32091342205347,0.7789911031723022,1.1330571122467519
36,25.475508572408543,0.4964798092842102,1.2528977609477063
37,-62.42258441313703,0.36867859959602356,1.1399838203343295
38,-41.487743763888744,0.058106232434511185,1.3653762021145237
39,-14.490153240461353,1.157848834991455,1.9174738307209576
40,-308.5697500535031,-0.3511703610420227,1.7944554894149882
41,-198.1327444001273,-0.3984619081020355,1.530345465186276
42,-59.37709771936407,-0.6078344583511353,1.9694761648410704
43,-203.35821234537028,0.0663546770811081,2.1799243918874045
44,22.238779119119854,-0.11773681640625,2.327229350934858
45,8.59738500536967,0.11613769829273224,2.278623796120286
46,-28.978894971469032,-0.5307040214538574,1.9064271116256715
47,-165.78650442249443,1.8015179634094238,3.263750972062349
48,-166.62709434516668,1.3015050888061523,4.97547415047884
49,-133.2917139022975,4.221418857574463,6.131972266346216
50,-89.18167792002396,5.312622547149658,7.145045236945152
51,-45.867005551856856,7.80628776550293,7.512271874010563
52,-31.318285905739906,9.23037338256836,8.170714370071888
53,-135.97896302815417,11.736119270324707,8.947276248216628
54,-63.68325099925197,14.138585090637207,9.256986127257347
55,-46.411168769078046,15.275351524353027,9.252433552265167
56,-28.54313538755983,17.12029457092285,9.18212343293887
57,-178.45833625876693,17.1373233795166,9.93292813933783
58,-51.3845512641177,18.65564727783203,9.773385063648224
59,-64.7118674293999,21.066234588623047,10.03859301930666
60,-105.97363667629041,22.99002456665039,10.173144834458828
61,-104.93484155321923,23.110754013061523,9.884019768834115
62,-44.204397086627935,26.5694522857666,10.270527256965638
63,-58.0709678035266,25.222158432006836,10.831497767210006
64,-46.57637521045635,25.065166473388672,11.762660996437074
65,-48.466383162732974,23.329269409179688,11.78346333527565
66,-45.61695201780228,22.13802719116211,11.83840775257349
67,-42.34186681059235,21.745555877685547,11.787424877762794
68,-38.10088557552162,24.868146896362305,12.088936628103257
69,-29.407976869428722,19.1187801361084,12.485182649374009
70,-47.134372067747485,17.882930755615234,13.162106055498123
71,-81.45979665020347,19.741714477539062,13.819625512838364
72,-76.11392383321137,20.26192855834961,14.314797509670258
73,-70.73498743243972,21.832406997680664,14.757184491157531
74,-42.27922470940829,22.59931182861328,15.603939130306244
75,-25.935907605300308,24.372940063476562,16.42624831390381
76,-62.718375096263415,25.823843002319336,17.10596698331833
77,-38.60310795799983,24.978540420532227,17.654201134443284
78,-41.14634800732061,27.132583618164062,18.06339379310608
79,-9.047973421512795,29.401451110839844,18.992003705024718
80,-57.4027354100059,29.93926239013672,19.5335879650116
81,-29.20742944082324,30.09880828857422,20.534773692131044
82,-10.459593104573232,30.783945083618164,20.786740491867064
83,-37.755439248206464,33.8398323059082,21.490694216728212
84,-39.121574732991114,31.38933563232422,22.064821933746337
85,23.550257743852125,33.02960968017578,23.10194373893738
86,-38.21134868204652,35.276405334472656,23.79157626056671
87,2.3304374845583533,33.997032165527344,24.26231946849823
88,-41.27108439375465,32.820064544677734,24.463279401779175
89,5.8692672254330835,35.243682861328125,25.10726293182373
90,-45.836891736540515,34.30912780761719,25.21005038547516
91,-12.217195663519814,39.0406608581543,25.5858867893219
92,-64.29399468987653,37.21205139160156,26.604672733306884
93,-16.30447724565284,37.491092681884766,27.245991554260254
94,0.26772156703457384,40.09134292602539,27.719772451400758
95,-214.29650468121122,38.59466552734375,27.404853804939254
96,-68.02721732640097,40.011783599853516,28.230291972187278
97,-0.46050117806431956,40.566253662109375,27.795754654602433
98,223.4936533870815,42.05463409423828,28.730766416277206
99,-28.96164793985733,45.148155212402344,28.772029619275425
100,-0.919592440993469,42.80718231201172,28.826814845868736
101,233.49758419238705,44.095245361328125,28.760299851995637
102,-23.61658280661261,38.330162048339844,29.440351011276245
103,19.48473886353173,43.355220794677734,29.90014496853477
104,-9.516771015881343,45.670753479003906,30.346434196472167
105,-20.06288202996073,40.677738189697266,31.164398614883424
106,34.441928199684995,45.616790771484375,32.02895855140686
107,15.151689178972264,39.87397384643555,33.20019892311096
108,-31.60960553688206,37.146827697753906,34.08823597717285
109,151.97631003301927,45.97502899169922,34.58919077238264
110,264.3024788937389,42.49900436401367,35.02682146995561
111,6.221496261514543,47.283447265625,35.01556344413758
112,25.47195890731777,45.070125579833984,34.83475480100657
113,194.15616544850997,45.13711929321289,34.94983934422829
114,-29.195556003876895,45.99782180786133,34.70380830574036
115,201.36666641282602,45.422340393066406,34.29732420941036
116,256.1862809909878,46.389434814453125,34.24808098703688
117,265.9072043732468,51.34617614746094,34.489073746956436
118,241.11950940411307,51.249305725097656,34.55999099130881
119,219.48415379838582,53.33506393432617,34.59450287214467
120,223.29759917171282,53.628143310546875,33.774555131691656
121,285.92750172017,55.966522216796875,34.005336337619354
122,142.89606561056473,58.38288497924805,33.60211040355541
123,-203.8874997111489,55.97696304321289,33.63314751072934
124,-104.13542975597588,53.47736358642578,33.30378315931449
125,-49.4061893497137,50.997135162353516,33.84110364046964
126,-83.9735961605677,52.491844177246094,34.290187522768974
127,245.21846733698123,45.08553695678711,34.055428544028864
128,-22.249635977694282,43.65327072143555,34.26176311836734
129,-235.791315650293,46.06218719482422,34.41096270479114
130,-34.019526185306106,41.063175201416016,34.26396935272217
131,247.18243516720634,38.08363342285156,33.805355975502415
132,246.84201746564872,40.3931999206543,33.39144457981824
133,243.52828292001684,38.00199508666992,33.379323998677364
134,207.76813539282824,45.59199523925781,32.84881207392766
135,38.27406804887161,43.01795959472656,32.455521385192874
136,256.68724508290404,45.94700241088867,32.125821283701306
137,232.26161962317278,44.49336242675781,32.01272319225555
138,236.04677031705586,48.421085357666016,32.1247151934336
139,-391.65629424507193,47.06169891357422,32.270236660290315
140,-227.9402907272688,47.794761657714844,32.4818046837096
141,-412.106933639997,49.8454475402832,32.29511882412818
142,231.4288239839791,46.07640075683594,32.06184429203699
143,229.1710013399711,40.061248779296875,32.24628561932108
144,286.2805571384065,38.46623229980469,31.877138994742133
145,187.3136547078795,38.299949645996094,32.28837361588557
146,281.23556837508517,40.469451904296875,32.61850352872882
147,304.7603082645352,40.64850997924805,32.43005739352404
148,-36.077956360954985,41.81328582763672,33.320877764598436
149,293.73493609675666,42.489463806152344,33.10615900607412
150,298.21419355040337,41.23722839355469,33.4349952580636
151,210.1570185359869,41.84600067138672,32.879431330468044
152,287.30987213520586,42.918556213378906,33.491850165759814
153,-219.31854371910282,41.49351501464844,34.01029580504029
154,278.34186888573646,43.09123229980469,33.68055066397024
155,-22.27244500414673,36.60411834716797,33.82958709907532
156,56.580543783995836,36.705039978027344,33.55008703662503
157,-7.604782554017277,35.456695556640625,33.65647002397957
158,263.21295055494073,36.98703384399414,34.143393880267475
159,254.42698586330596,36.43960189819336,34.346395874573105
160,253.93455185063826,37.93440246582031,34.907057661168714
161,1.1897789795735605,39.895267486572266,35.43388377733467
162,-30.154864111969275,39.568546295166016,35.286509773254394
163,153.40212473959238,37.31357955932617,35.23319894565131
164,250.44237555820857,39.530975341796875,36.15628987659829
165,243.1836340414427,38.60839080810547,36.62105858366368
166,-69.61293283904753,38.93645095825195,36.86369747161865
167,240.99315275401312,44.204490661621094,36.907970801754864
168,262.6557337537896,41.47279357910156,36.91487248507413
169,202.04674920698102,44.90855407714844,37.41168901488537
170,257.8620093262092,45.213233947753906,37.16652877375765
171,222.9748993068162,41.738983154296875,37.47129387708054
172,238.0593635386856,40.04009246826172,37.568973449811544
173,266.6901362567612,41.84211730957031,38.26756882036805
174,257.0763177113357,45.22696304321289,38.781771541905485
175,192.8324717292515,45.36624526977539,39.27836618642978
176,70.22220608180992,42.28437423706055,39.559104915618896
177,-52.06929839434436,43.573184967041016,40.1275144443512
178,14.34423845915181,44.993404388427734,40.35416894317955
179,220.3968463023989,44.99591827392578,40.96256091452052
180,156.33752852734796,42.17292022705078,41.39057923395676
181,175.3500810277289,43.983612060546875,41.7135662414155
182,250.87674973799454,45.185638427734375,41.881721597209534
183,258.8656329401426,46.23453140258789,42.431157498567
184,282.23937653990066,45.88649368286133,42.644495693412985
185,218.13992542423046,49.34552764892578,43.50090025220599
186,255.6577250593598,45.425594329833984,43.34722816692626
187,279.1467456116594,48.6679573059082,44.229733261568796
188,250.5428116093865,48.53590774536133,45.02569187098536
189,213.76408554490064,50.6281852722168,45.38126939464463
190,191.83028323970285,51.142860412597656,45.43360369629655
191,-4.881181893530212,53.385990142822266,46.06857643508911
192,2.3608443215977104,51.8984260559082,46.616648829935166
193,285.3998669612885,53.190093994140625,46.923835032695045
194,228.7082176029307,50.430938720703125,47.243505580084665
195,-157.84035990042656,55.88445281982422,47.498725408531094
196,236.80027755912477,52.76112365722656,48.15925545342225
197,297.04937896790153,52.971580505371094,48.3529716996122
198,-209.27164003646266,58.560428619384766,48.90049735399393
199,8.841291222267309,58.418601989746094,49.46761898422241
200,298.0736712499863,57.73143005371094,49.758060118377394
201,51.96585918722249,59.624298095703125,49.292289582509845
202,240.48157001017375,62.11539077758789,49.43743313160712
203,271.464716825721,63.2466926574707,49.604571375353586
204,72.96157935978135,63.57498550415039,49.189540915293236
205,267.7599227210933,63.803585052490234,49.5052816383953
206,284.6270577988411,64.8407974243164,50.458111251217815
207,247.08228188976804,66.38970947265625,51.051335664895866
208,64.76471605327234,64.3653335571289,50.84453708919015
209,307.47394375364127,63.257408142089844,51.50899258597953
210,307.0962179341164,65.83455657958984,51.75020927736611
211,248.1468586640064,65.10871887207031,52.758766529171965
212,251.28080012628124,67.4384994506836,52.212026596069336
213,263.193737914479,68.16513061523438,52.483146293876096
214,276.18829850967484,69.01016998291016,53.11311576972574
215,278.25349872092534,68.44500732421875,52.98847640847936
216,216.44642141742148,71.42707824707031,53.44745112852229
217,281.0519434002098,69.4097671508789,53.34586081297501
218,273.0719765092223,71.85794830322266,53.89853853314235
219,268.7773545150628,73.96917724609375,53.96509334246318
220,279.0001365571908,73.36917877197266,54.30240745867713
221,280.6654883248219,74.08721923828125,54.822837602107896
222,286.6414780805414,72.06212615966797,54.73466431817343
223,254.23518864535203,75.1656265258789,55.54007865816267
224,265.5086286494927,74.36786651611328,55.342750580713094
225,273.9663712631217,75.21289825439453,55.894236953170214
226,277.53288623293923,75.41519165039062,56.98208296926398
227,259.7458552026121,77.18070983886719,56.64135709548379
228,260.5074403773022,78.4260025024414,57.43339020528911
229,273.63703124601864,79.05094909667969,57.69810088621367
230,260.25773920942527,78.75871276855469,58.59976139512173
231,251.27695812930136,79.45048522949219,58.65200159221352
232,259.98716927299995,77.86750030517578,58.64763546953298
233,235.0576580494678,79.7903823852539,59.05236260478815
234,255.4837133651606,75.77777099609375,58.94297451109398
235,286.02869130366264,78.22643280029297,58.8735526064609
236,289.3776588246778,78.310546875,58.745200153593714
237,298.95862115017496,78.27593994140625,59.0938478843453
238,285.31407061104716,78.27041625976562,59.292525595587655
239,296.8332760667335,79.52658081054688,59.770600358100786
240,289.2731430107651,81.89195251464844,60.311596008826946
241,261.748241977043,77.9087905883789,60.22475940684982
242,264.9443029343274,79.04338073730469,60.68011311393472
243,263.3995495027766,78.12845611572266,60.76621104943706
244,266.62378748084075,81.35958862304688,61.871589867965035
245,283.91458010855104,82.85114288330078,61.34427718277816
246,305.43839551500963,80.93492126464844,62.359518858638125
247,267.30292640456076,79.72300720214844,62.97589047339655
248,292.92125393286943,81.78608703613281,63.78209264023499
249,270.9104353272494,80.66865539550781,63.030849109996446
250,288.5109917154879,82.09140014648438,63.567268209637334
251,288.16294838737133,82.48554992675781,63.98014853061774
252,224.6525719502589,83.11004638671875,64.49362944866822
253,217.317971181701,85.78612518310547,64.32275562564821
254,292.07069698384873,84.94357299804688,65.35446771138022
255,236.37712405047878,86.18888854980469,65.38384930399441
256,276.9744830787829,85.20198059082031,65.8229483412059
257,283.30423220943885,84.00062561035156,65.63373429747834
258,298.5344673644771,84.52496337890625,65.26106215228
259,264.82471958057397,84.7852554321289,65.27815061498572
260,202.69275953622548,85.43681335449219,65.63032403955319
261,-11.785137656959435,83.30603790283203,66.19564091110229
262,230.44882432282398,84.17811584472656,66.00188419784325
263,243.11641060887794,83.95608520507812,66.1127809565118
264,241.56533339205993,83.947509765625,66.17609825408717
265,268.84957807912906,86.86540985107422,66.51607815603192
266,271.842615066505,87.77621459960938,67.1201111907959
267,242.24200174213038,85.48050689697266,67.18101045359735
268,273.145267660696,87.33816528320312,67.16847673198521
269,234.0306584495744,87.31261444091797,68.0501511003718
270,294.21311357053605,89.41836547851562,68.52974027468835
271,256.2262330455377,88.88953399658203,67.93697252775493
272,260.05886620827164,89.66326141357422,67.82685734017548
273,243.16420216542295,90.28382873535156,68.77817039489746
274,219.32594944859107,89.70671844482422,68.5578074726632
275,189.0962561561242,92.87777709960938,68.40602825740196
276,246.69080256608893,92.55915069580078,68.38312287050135
277,232.87841833295778,93.8707046508789,68.76782027482986
278,242.81480970775272,91.89390563964844,68.93951178586335
279,214.15946815303613,89.3744888305664,68.61927127981114
280,-50.21604141607926,89.22681427001953,67.5074497756958
281,206.9956015072763,88.89427947998047,67.51987788530418
282,280.55287863189295,90.39619445800781,68.19331601639868
283,261.12015730888663,90.82853698730469,68.25465173618768
284,-79.29469599044232,89.15499877929688,68.14094674353505
285,288.1023591532381,87.36398315429688,67.82563586388865
286,214.6977545696228,85.99535369873047,68.28769384570394
287,216.43751175705114,87.6997299194336,67.81865021001512
288,260.78872002632056,88.3159408569336,67.92721522603058
289,291.84365763826077,85.61763763427734,67.8828733299352
290,-73.95428305173184,86.84494018554688,68.25623630876301
291,263.6766955284667,87.16381072998047,68.65776953056677
292,230.2936926239968,89.6755599975586,68.85434899643121
293,248.667296409479,90.75250244140625,68.51253515408362
294,303.4220479292733,92.1923828125,68.56227362389659
295,276.89619551774825,94.76195526123047,68.67819755269873
296,76.41646869622198,94.75271606445312,68.89948365020751
297,280.56114411226065,94.68446350097656,68.47111820127905
298,235.53628087796744,94.76802062988281,69.21168597239368
299,241.13757143551965,96.23477172851562,68.92345194498698
300,-16.94789277725705,95.788818359375,68.6005172958374
301,231.1122824227939,98.12810516357422,68.74357596296605
302,255.8874493097749,95.35101318359375,68.86877080709627
303,171.77595447451841,96.87000274658203,68.15895712252745
304,290.36556440462334,97.6372299194336,68.28122395106725
305,285.1216421011718,97.65764617919922,68.37512776909804
306,277.56234932505816,97.97681427001953,68.75626690707989
307,273.046178136335,94.61351776123047,69.37991834470364
308,243.91913016898712,96.2085189819336,69.41665961391242
309,259.8150978930245,98.87994384765625,69.47171604503285
310,255.51963710852158,96.36724853515625,69.92535177453772
311,272.2908774855957,95.42023468017578,70.3329487052015
312,256.35702142813057,95.18389892578125,70.14138676985255
313,252.95852075735698,97.9776840209961,70.1904412342294
314,208.76473385915506,95.55255889892578,69.85957389264493
315,194.25597733851663,98.73307800292969,70.09855900229988
316,299.5403307704786,98.59998321533203,70.42818555098313
317,278.1120652443399,97.48220825195312,70.87571381986811
318,267.9271162920936,97.5923843383789,70.64131685312358
319,117.61079827191928,99.07396697998047,70.41326609802246
320,202.1493267317921,99.13379669189453,70.44709786423692
321,210.95439958056474,96.38256072998047,70.60204455137753
322,212.26823186407145,99.84046936035156,70.37769930127641
323,241.38742244045352,99.78986358642578,69.88024558395635
324,242.7713090467528,100.75103759765625,70.5822747903427
325,274.8690690376458,99.98220825195312,70.02003796500449
326,-47.796000823375394,103.60734558105469,70.33084386062622
327,254.15884210762977,105.6604232788086,70.96087837219238
328,-61.18350946637439,105.97077178955078,70.11415505981445
329,-31.51545175483955,109.17186737060547,69.26690975570679
330,205.31150254868203,109.6664810180664,68.89644036325468
331,286.91585161893545,109.59130859375,68.76594397706806
332,-61.935918876092586,110.65929412841797,68.73675002288819
333,-80.11798983778806,113.11112976074219,67.48032865905762
334,287.8571726795927,111.50955200195312,67.20556920738036
335,-72.97060544142337,109.97076416015625,67.09429231237192
336,-70.91251688471779,110.02713012695312,66.97374473571777
337,315.4350483828414,111.49217987060547,66.59394299983978
338,-3.638473927691507,112.36296081542969,66.26606886203473
339,219.78404921023105,112.24494171142578,66.88026893594878
340,272.2255562566758,111.4992904663086,67.25886807220661
341,273.9574535037682,112.78357696533203,67.26369743216974
342,277.3986886552759,113.9101333618164,67.13984304004245
343,288.50386343938237,115.4028091430664,67.20873608505516
344,268.58461230361274,115.54571533203125,66.91169866525902
345,259.4159368106234,115.80437469482422,68.30954140647847
346,-38.74265381782551,114.28842163085938,68.21880549163066
347,17.431599336550377,114.44873046875,68.57925669907482
348,277.72863292741164,114.17101287841797,68.92991107378819
349,247.82370881811488,113.38031005859375,68.31105275647394
350,290.2943388039587,113.93663787841797,68.69089687301452
351,261.89880350321005,114.2596664428711,68.62367735911572
352,278.54676350498454,114.57366943359375,68.63044797536489
353,51.93990061197999,114.45740509033203,68.69994499757118
354,261.8478576705294,113.67009735107422,68.68452359902356
355,279.1448659988363,113.63782501220703,68.30793979042454
356,-52.36516642519551,114.21884155273438,68.81590265066512
357,-15.674567142499924,116.28355407714844,68.90902341923244
358,242.147374122957,117.33304595947266,68.19854740614302
359,280.272797074307,115.84391784667969,68.75566819439764
360,-4.638402708342639,116.24230194091797,68.27569796434089
361,240.98014850634598,115.97908020019531,68.69146312063958
362,261.7227016283009,117.46224975585938,68.15886646686214
363,267.4421846032065,109.43303680419922,68.31111355446785
364,-32.7297087029696,111.50170135498047,68.17355398362683
365,270.1765258565623,109.81369018554688,68.15183713495566
366,178.9938678916619,107.90695190429688,67.978178949537
367,261.09318728152084,107.94812774658203,67.94643713909647
368,247.65886601618362,108.18936157226562,68.23858193997984
369,23.75427356523288,107.66419982910156,67.57689380645752
370,299.7087815826068,105.2970962524414,68.60548034244114
371,225.57794311832657,106.00708770751953,68.60881895466424
372,227.19273864906606,106.78893280029297,69.11913627890212
373,272.8835500147777,109.0727310180664,68.77590787512625
374,268.628888173346,108.5503921508789,68.86532535811895
375,253.76678822932718,106.82890319824219,69.1570923461914
376,208.12923088870804,106.084228515625,69.12239518036714
377,281.06571913063704,106.45527648925781,68.4364343820159
378,23.459975261788315,108.04046630859375,68.53973954518636
379,257.544236312124,104.58139038085938,69.15004367976226
380,269.5537086965665,106.29187774658203,69.15701598230503
381,267.59533928159806,109.17182922363281,68.67058807764298
382,279.81977994836745,107.98046875,70.31319788450836
383,249.91423853333902,107.48980712890625,70.168795178284
384,253.70394632054678,105.8345718383789,70.04054768880208
385,256.34370392650465,104.09674072265625,69.98904751549082
386,271.64893728629727,105.7281265258789,70.57370301926173
387,256.7668936385648,104.90105438232422,70.06754985000148
388,305.8566362870847,107.51998138427734,70.22075213326349
389,213.93202417032336,102.77880859375,70.13933173838991
390,224.71457587790627,102.32414245605469,69.81927279649277
391,281.5803593549641,99.71469116210938,69.78570813244886
392,231.91075100447765,102.99079132080078,70.45036958335102
393,255.61704654011413,103.07904052734375,70.75082215808686
394,253.3131788545928,104.25037384033203,70.683954861429
395,250.70887498248553,101.7367172241211,71.00389351920477
396,-163.62128200661044,101.9443130493164,71.04169965126145
397,244.19302166623442,103.84974670410156,71.0276639829123
398,-196.62821363712138,103.61111450195312,71.35840447416011
399,251.81272873607202,103.20480346679688,71.88137306725255
400,27.384615069549454,102.95658111572266,72.8234394420277
401,289.03035262038975,99.63021850585938,71.8238823736599
402,149.61750636730824,81.81219482421875,72.0759806137085
403,253.10457768356167,83.79048919677734,71.39665999434924
404,137.69065796170227,77.10149383544922,72.13337143707275
405,245.25230165335836,81.22393798828125,72.32042169455465
406,238.07855970970482,76.30305480957031,71.69719581157841
407,281.52013713702263,75.11009216308594,72.3673908891349
408,264.22523613258466,74.93644714355469,72.41406387660814
409,255.57490780912542,72.94959259033203,72.00789833659358
410,41.8309018988424,73.41980743408203,72.18540319932245
411,299.51590100167874,73.60399627685547,72.38512292997105
412,265.2341510866768,71.35320281982422,72.77086152487654
413,278.6168168297129,69.6914291381836,72.59335609642235
414,290.66877703541445,71.71649932861328,72.52241477209853
415,279.6281245305747,68.4181137084961,72.95551841599601
416,279.7905357322545,67.55001068115234,72.91983859867595
417,309.5931868964898,67.5580062866211,73.27149386464814
418,244.31540225678165,65.33502960205078,73.53174551258917
419,243.67768287573628,69.62443542480469,73.69764846225955
420,262.3818483011403,67.95935821533203,73.94559543992507
421,296.2531757472169,63.572444915771484,74.13084416752973
422,250.7771874166814,64.26808166503906,74.13760791634614
423,251.5456837890811,62.08562469482422,74.61194530520426
424,130.5502340567569,66.3558578491211,75.43442168426513
425,-37.534820039965254,66.71833038330078,76.05139972317603
426,272.72327086041014,63.27513122558594,76.40079950070849
427,253.26316533994444,62.643821716308594,76.35727421337405
428,238.11538083141423,68.88507843017578,75.81103621502312
429,272.916867353831,68.6518325805664,76.66211619275681
430,287.11488052488704,70.26838684082031,76.42320167101346
431,277.27280257926805,67.16239166259766,76.21548796433669
432,-6.043237755418318,66.52786254882812,77.15192462729036
433,254.00910043092424,61.94847106933594,76.81238776425586
434,208.26303831751636,62.75422286987305,77.10545719288014
435,282.4470782657162,62.350067138671875,76.73764271779103
436,254.24054143673766,62.67070007324219,76.49237527420271
437,270.62860047463465,63.981910705566406,75.96394173852329
438,256.40553298732135,64.43902587890625,76.22946024973155
439,268.5887250678078,63.71958923339844,75.48016993204753
440,278.7893632312989,64.21522521972656,75.8169192655587
441,-428.3651360808876,67.62357330322266,75.6093873681489
442,-338.31405935183744,69.49053955078125,75.87273548558815
443,260.4168488662506,64.04956817626953,75.4892368223609
444,219.14319271216596,74.87609100341797,75.65450637321162
445,-52.85137101696859,64.05802917480469,75.85428993918678
446,235.490108231674,69.14634704589844,75.31472805931455
447,256.85812475080195,65.41210174560547,75.79888958108836
448,240.10077420595456,70.54080963134766,76.5356551112391
449,-187.5535756432556,69.46385955810547,77.04325366842336
450,238.95245956619848,68.03176879882812,76.59461677107454
451,283.7541031959538,70.89718627929688,77.0344845764619
452,276.45941553848934,67.57488250732422,76.52741695013572
453,287.887627893007,70.15434265136719,77.003624115757
454,268.2998379426564,72.7089614868164,77.0801211850193
455,238.24395573734404,74.62760925292969,77.21463162674863
456,252.32659798331954,69.97523498535156,77.21001333348892
457,279.66273287281,71.6923828125,77.15969665665432
458,258.003570105019,67.47781372070312,77.69522740981158
459,-228.06450287473055,71.0769271850586,76.92517971030719
460,260.07615712784605,68.07025146484375,76.61926357679633
461,-40.47176970929375,77.76280212402344,76.36377565002441
462,215.9229393556554,75.09481811523438,76.75299250226098
463,254.1729170774205,71.809326171875,76.67849383437843
464,284.025372977832,73.0548324584961,77.24770452976227
465,244.50400547499706,73.49601745605469,76.81257524677352
466,265.82178602419424,76.97247314453125,76.82197519938151
467,232.89270490699082,70.76101684570312,76.67612277020464
468,-30.250925892428555,72.88966369628906,76.2916410291517
469,-401.0038821297145,72.72069549560547,76.76550993200851
470,256.49704314971797,65.50187683105469,76.75414782193438
471,218.4614856516018,66.86444091796875,76.86918628362962
472,300.28671550366136,69.63282012939453,76.87561137239697
473,-44.666754937847465,73.19026184082031,76.47833089447022
474,211.6685177114711,73.30821990966797,76.19237917945499
475,244.4188832068594,78.31707763671875,76.14724485009117
476,263.36289842164604,72.29169464111328,76.46044759324326
477,214.48680731707654,75.36679077148438,76.65092363800571
478,284.0787427122928,76.67106628417969,76.22772970239157
479,269.1527994651293,77.24983978271484,76.81011939771247
480,240.83463430864268,75.96631622314453,77.32345128658429
481,252.60181216438883,77.29624938964844,76.8120833202801
482,-56.970224735973694,77.09212493896484,77.05779823303223
483,242.42248624007476,78.7494888305664,77.27390536139993
484,263.0433051610862,83.85603332519531,77.76249264285772
485,-41.23429979549038,80.30896759033203,77.38347261810303
486,296.0958607716473,81.4157943725586,77.76775354476872
487,206.72890204064197,82.01432800292969,77.70488960202
488,242.1720449980224,80.68301391601562,78.1646463023874
489,258.35241514762,84.91421508789062,78.07709388900959
490,287.38912491200597,85.14044952392578,78.77761727410393
491,247.4538494573175,83.13920593261719,78.8594575342344
492,210.8455928490231,81.97525024414062,78.64258275555737
493,270.98145641644186,85.6196060180664,79.01581893854843
494,-78.76264199764256,88.53080749511719,79.27285409480967
495,211.24103038658546,87.39883422851562,79.55581256581993
496,284.0342972470147,87.07093048095703,79.01720352172852
497,274.7173797571358,91.52909851074219,79.29391263438536
498,34.15633834845502,92.29013061523438,79.66576395406352
499,253.22313386394717,93.49821472167969,79.4118739689622
500,232.626744553577,96.35480499267578,80.02367305755615
501,201.60321547981982,95.11064147949219,79.2992793352176
502,264.6595633055895,90.57969665527344,79.8760845937699
503,288.9881333406272,95.10093688964844,79.6350434936812
504,242.9992855685375,95.71847534179688,79.23005960376692
505,263.4741760082509,93.62328338623047,79.6050886245001
506,30.992597442758097,94.15361022949219,79.90902947177406
507,-150.02367483316192,97.1368179321289,79.1750945114508
508,47.082133776230364,92.80908203125,79.99636528475973
509,212.37035487206214,96.27827453613281,79.92043971156215
510,256.9447928952032,97.93960571289062,79.52970068795341
511,275.12796592852357,97.69183349609375,79.69115323642276
512,271.8647541119072,101.23615264892578,80.39875139508929
513,239.47675995149103,96.57794189453125,79.82900962533877
514,30.288007300906372,97.90796661376953,80.08164144817151
515,293.18554128741795,102.42005157470703,80.30195535106576
516,295.00096822890316,99.80830383300781,80.43723688426195
517,269.98736488538464,98.64593505859375,79.73397356734992
518,235.29128774211006,107.04306030273438,80.06668868361477
519,258.0699121682012,98.65425872802734,80.70251903702727
520,274.823536855169,108.28234100341797,80.50626167091164
521,239.6663921874541,107.19847869873047,80.63768516937432
522,300.7266457224618,107.03443145751953,80.17508474385963
523,280.33401183766244,111.63294982910156,80.70001376161007
524,281.35329830038364,109.85232543945312,80.40393112016761
525,69.04044731669813,112.62521362304688,79.83508337549416
526,276.25801363726987,112.86697387695312,80.31259895937286
527,255.3295251145162,112.33560180664062,80.10269533972226
528,285.2212128293112,110.98328399658203,80.24430804386317
529,281.7446190915849,117.34423828125,80.2855020442479
530,285.80587100009177,115.61904907226562,80.42149203618368
531,60.504866477592344,113.46029663085938,80.212000319537
532,266.4528064485171,113.38033294677734,80.74122745323912
533,304.2171732737346,114.01835632324219,80.16504172882819
534,262.6612721455433,113.70968627929688,80.47883483288335
535,268.6777544686586,112.51143646240234,80.46268197434459
536,300.5448305493826,115.05497741699219,80.25864620758182
537,288.7278741112467,113.91873168945312,80.5966108947241
538,233.6677722846883,113.31681823730469,80.55664974975586
539,257.6202979519822,110.19158172607422,79.97273294666995
540,227.38065090538316,113.48107147216797,79.65214412928842
541,-210.4512924581253,114.2265396118164,79.86979982274524
542,243.7871998160979,112.54080200195312,79.05229721069335
543,274.6087580433156,114.19937133789062,79.9887427577266
544,267.25025205310385,108.54025268554688,79.48780831473215
545,306.959441599342,112.75904083251953,79.6499077843838
546,309.35471455973,114.43058776855469,79.52748145278619
547,263.4075065470331,111.49881744384766,78.47524178128283
548,288.4206439806162,112.11034393310547,77.95906041151176
549,236.056303264125,112.23179626464844,77.67308302775469
550,290.75314472449884,115.28507995605469,77.28577751006642
551,275.87533478224367,115.05406951904297,77.84161319099897
552,274.6596743403418,116.11966705322266,77.08833590821723
553,49.549984650837644,116.62898254394531,77.81922667991114
554,254.25163616559817,119.70193481445312,78.01415487683775
555,308.3088218057526,119.0401382446289,77.59976913969396
556,310.91704949831217,125.70857238769531,78.34960713928
557,254.97886374830517,125.57474517822266,78.13648879282759
558,282.7416687047751,123.07257843017578,78.81806461560672
559,284.2343266947107,119.96142578125,78.12406520650845
560,258.340418248989,119.80105590820312,78.38384246826172
561,242.02091608070478,120.6487045288086,78.46494357299805
562,298.5079192646432,122.09476470947266,77.9263028163536
563,296.8099807912695,119.60795593261719,77.85153060775619
564,277.5561911339362,121.95763397216797,78.6476022408489
565,260.0753747669492,123.61913299560547,78.82896650664661
566,251.72915120744364,123.15955352783203,78.62633279357294
567,262.3277034730545,121.52845764160156,79.02414113825017
568,297.42082302797417,123.241943359375,78.90826928078592
569,302.2564110699318,122.00196075439453,78.86975696800792
570,269.3865435888685,123.98844909667969,79.17100194674819
571,-153.28885831565367,120.84061431884766,79.43101647559632
572,282.45904228067093,119.0641098022461,79.52552014391568
573,-171.6101181426402,123.37535095214844,80.37601764645197
574,259.60226600536896,125.43486022949219,80.35724528242902
575,276.83843619277974,123.86929321289062,80.24165024868277
576,261.8221150406483,127.95685577392578,80.50065286424424
577,228.00758576736817,125.16731262207031,80.47444185471153
578,294.22598463261164,123.91674041748047,80.73499082395544
579,209.38820939010958,122.7994613647461,80.35172059685398
580,215.0849974682426,124.58476257324219,79.60632251466681
581,267.49039005826614,128.0907440185547,79.57484791642528
582,305.7317193357569,120.6147232055664,78.9062014234827
583,254.64067509049437,119.12073516845703,78.9441672567386
584,258.57850920060196,119.91284942626953,78.58112196488814
585,264.0713229047634,122.30685424804688,78.9012345123291
586,299.91181867284735,119.23200225830078,79.25019822946285
587,248.45602026592272,119.74919891357422,78.73257271124392
588,298.71765203985353,120.95679473876953,78.82566409301758
589,266.2800227974804,120.86055755615234,79.15189262672708
590,278.4986861498,125.54773712158203,78.50299480541332
591,234.26708737641016,122.76235961914062,78.80253946020248
592,291.6620971581854,121.73751068115234,78.60755224135316
593,243.93747013131068,123.44178009033203,78.67837026526512
594,283.43233528697147,122.31441497802734,79.37045164258068
595,255.40384311115938,122.61038970947266,79.1438448061502
596,299.8313887062916,122.61283874511719,78.94344699744022
597,285.65298757755045,123.7007827758789,79.05889305150565
598,280.30427478028366,125.22711944580078,79.28800093910911
599,282.04908460047886,125.92425537109375,79.23471228820456
